// KEY:0x2A5A8EAD,,,,,
1005301,150,20,0,100,Multiplayer Delta
1001034,10,-1,-1,100,Desert Nomadic Tent 1
1006363,150,20,0,100,Multiplayer SAS Sniper
1006359,150,20,0,100,Multiplayer SAS CQB
1006360,150,20,0,100,Multiplayer SAS Gunner
1005308,150,20,0,100,Multiplayer Mercenary Enemy
1005309,150,20,0,100,Multiplayer Mercenary Enemy Medic
1005305,150,20,0,100,Multiplayer Delta Medic
1006362,150,20,0,100,Multiplayer SAS Medic
1001236,650,100,100,75,Friendly Light Helicopter LITT
1001232,650,100,100,75,Friendly Light Helicopter LITT
1006207,400,105,30,,
1001268,400,105,20,,
1001274,400,105,20,,
1001267,400,105,20,,
1001273,400,105,20,,
1001245,400,105,20,,
1001288,400,105,20,,
1001268,400,105,20,,
1001239,400,105,20,,
1006369,400,105,20,,
1001237,400,105,20,,
1001218,120,105,20,,
1002151,50,0,0,,
1002152,50,0,0,,
1002135,400,105,20,,
1002119,400,105,20,,
1002120,400,105,20,,
1001219,120,105,20,,
1001220,400,105,20,,
1001221,200,105,20,,
1001565,104,50,0,,
1001566,104,50,0,,
1001569,104,50,0,,
1001572,225,50,0,,
1001595,275,50,0,,
1001596,275,50,0,,
1001472,50,40,20,,
1004302,104,50,10,,
1004303,125,50,10,,
1004304,175,50,10,,
1006184,125,50,10,,
